Workbook

Sheet Instructions
A1: EXCEL FORMULA PRACTICE WORKBOOK - SALES & INVENTORY MANAGEMENT
A3: HOW TO USE THIS WORKBOOK:
A4: 1. Review the 'Employee Data' sheet to understand the dataset
A5: 2. Check 'Salary Bands' sheet for reference data
A6: 3. Go to 'Questions & Answers' sheet for practice problems
A7: 4. Try solving each question on your own before checking the answer
A8: 5. Answers are provided in Column C with green background
A10: IMPORTANT NOTES:
A11: • FILTER, SORT, SORTBY, and UNIQUE functions require Excel 365 or Excel 2021+
A12: • XLOOKUP requires Excel 365 or Excel 2021+ (alternative: use INDEX-MATCH)
A13: • For older Excel versions, some formulas may show #NAME? error
A14: • All other formulas (VLOOKUP, SUMIFS, COUNTIFS, IF, etc.) work in all Excel versions
... A32: 4. Discuss alternative approaches when applicable

Sheet Sales Data
A1: Order ID | B1: Date | C1: Product | D1: Category | E1: Region | F1: Sales Rep | G1: Quantity | H1: Unit Price | I1: Total Amount | J1: Status | K1: Total Amount Status
A2: ORD-1002 | B2: 45376 | C2: Printer | D2: Electronics | E2: Central | F2: Lisa Anderson | G2: 18 | H2: 186 | I2: =G2*H2 -> 3348 | J2: Cancelled
A3: ORD-1003 | B3: 45628 | C3: Tablet | D3: Electronics | E3: West | F3: Lisa Anderson | G3: 1 | H3: 298 | I3: =G3*H3 -> 298 | J3: Completed
A4: ORD-1004 | B4: 45390 | C4: Monitor | D4: Electronics | E4: East | F4: Lisa Anderson | G4: 1 | H4: 379 | I4: =G4*H4 -> 379 | J4: Completed
A5: ORD-1005 | B5: 45597 | C5: Headphones | D5: Electronics | E5: South | F5: Sarah Johnson | G5: 17 | H5: 53 | I5: =G5*H5 -> 901 | J5: Completed
A6: ORD-1006 | B6: 45609 | C6: Laptop | D6: Electronics | E6: East | F6: Robert Wilson | G6: 13 | H6: 482 | I6: =G6*H6 -> 6266 | J6: Cancelled
A7: ORD-1007 | B7: 45373 | C7: USB Drive | D7: Accessories | E7: South | F7: John Smith | G7: 15 | H7: 129 | I7: =G7*H7 -> 1935 | J7: Completed
A8: ORD-1008 | B8: 45579 | C8: Mouse | D8: Electronics | E8: West | F8: Robert Wilson | G8: 18 | H8: 291 | I8: =G8*H8 -> 5238 | J8: Pending
A9: ORD-1009 | B9: 45478 | C9: Keyboard | D9: Electronics | E9: South | F9: Mike Brown | G9: 14 | H9: 138 | I9: =G9*H9 -> 1932 | J9: Completed
A10: ORD-1010 | B10: 45469 | C10: Laptop | D10: Electronics | E10: Central | F10: Sarah Johnson | G10: 6 | H10: 481 | I10: =G10*H10 -> 2886 | J10: Completed
A11: ORD-1011 | B11: 45534 | C11: Headphones | D11: Electronics | E11: East | F11: John Smith | G11: 20 | H11: 166 | I11: =G11*H11 -> 3320 | J11: Completed
A12: ORD-1012 | B12: 45416 | C12: Webcam | D12: Electronics | E12: East | F12: Robert Wilson | G12: 18 | H12: 121 | I12: =G12*H12 -> 2178 | J12: Pending
A13: ORD-1013 | B13: 45461 | C13: Monitor | D13: Electronics | E13: East | F13: Emily Davis | G13: 14 | H13: 386 | I13: =G13*H13 -> 5404 | J13: Cancelled
... A101: ORD-1101 | B101: 45597 | C101: Tablet | D101: Electronics | E101: Central | F101: Emily Davis | G101: 12 | H101: 416 | I101: =G101*H101 -> 4992 | J101: Cancelled

Sheet Questions & Answers
A1: VLOOKUP & XLOOKUP QUESTIONS | B1: Criteria 1 | C1: Criteria 2
A2: Q1 | D2: Find the Unit Price of 'Laptop' using VLOOKUP
A3: Answer: | B3: Laptop | E3: =VLOOKUP("Laptop",'Sales Data'!C:H,6,FALSE()) -> 482
A5: Q2 | D5: Find the Total Amount for Order ID 'ORD-1050' using XLOOKUP
A6: Answer: | B6: ORD-1050 | E6: =INDEX('Sales Data'!I:I,MATCH("ORD-1050",'Sales Data'!A:A,0)) -> 6784
A8: SUMIF & SUMIFS QUESTIONS
A9: Q3 | D9: Calculate total sales amount for 'North' region using SUMIF
A10: Answer: | B10: North | E10: =SUMIF('Sales Data'!E:E,"North",'Sales Data'!I:I) -> 47353
A12: Q4 | D12: Calculate total sales for 'Electronics' category in 'East' region using SUMIFS
A13: Answer: | B13: Electronics | C13: East | E13: =SUMIFS('Sales Data'!I:I,'Sales Data'!D:D,"Electronics",'Sales Data'!E:E,"East") -> 40895
A15: COUNTIF & COUNTIFS QUESTIONS
A16: Q5 | D16: Count how many orders are 'Completed' using COUNTIF
A17: Answer: | B17: Completed | E17: =COUNTIF('Sales Data'!J:J,"Completed") -> 53
A19: Q6 | D19: Count orders for 'John Smith' with 'Completed' status using COUNTIFS
A20: Answer: | B20: John Smith | C20: Completed | E20: =COUNTIFS('Sales Data'!F:F,"John Smith",'Sales Data'!J:J,"Completed") -> 6
A22: IF & NESTED IF QUESTIONS
A23: Q7 | D23: Create a formula: If Total Amount > $1000 show 'High', if > $500 show 'Medium', else 'Low'
A24: Answer (for row 2): | E24: =IF('Sales Data'!I2>1000,"High",IF('Sales Data'!I2>500,"Medium","Low")) -> High
A26: INDEX-MATCH QUESTIONS
A27: Q8 | B27: Create DropDown for ORDERID | D27: Find the Sales Rep for 'ORD-1075' using INDEX-MATCH
A28: Answer: | B28: ORD-1002 | E28: =INDEX('Sales Data'!F:F,MATCH("ORD-1075",'Sales Data'!A:A,0)) -> Sarah Johnson
A30: Q9 | B30: Create DropDown for Category | D30: Find the Category for 'Monitor' using INDEX-MATCH
A31: Answer: | B31: Electronics | E31: =INDEX('Sales Data'!D:D,MATCH("Monitor",'Sales Data'!C:C,0)) -> Electronics
A33: AVERAGEIF & AVERAGEIFS QUESTIONS
A34: Q10 | D34: Calculate average Unit Price for 'Electronics' category using AVERAGEIF
A35: Answer: | B35: Electronics | E35: =AVERAGEIF('Sales Data'!D:D,"Electronics",'Sales Data'!H:H) -> 275.66292
A37: Q11 | D37: Calculate average quantity for 'Completed' orders in 'South' region using AVERAGEIFS
A38: Answer: | B38: Completed | C38: South | E38: =AVERAGEIFS('Sales Data'!G:G,'Sales Data'!J:J,"Completed",'Sales Data'!E:E,"South") -> 11.6875
